{
  "mu_d": 1.5327792842381842,
  "sd_d": 0.1603425548795156,
  "n_words": 5000
}