{
  "mu_p": 3.3322045101752034,
  "sd_p": 1.00044408920985e-12
}